No.,Frecuencia (cm⁻¹),Intensidad
1,652.99,32.736789
2,652.99,32.736789
3,1388.26,0.0
4,2470.07,612.036449
