Frecuencia (cm-1),Intensidad
1638.24,55.31639
3789.35,4.754805
3884.72,26.503201
