No.,Frecuencia (cm⁻¹),Intensidad
1,1638.24,55.31639
2,3789.35,4.754805
3,3884.72,26.503201
